<config>
 <anc anchName="基站0" x="0.00" z="3.00" Show="1" y="0.00" ID="0"/>
 <anc anchName="基站1" x="5.00" z="3.00" Show="1" y="0.00" ID="1"/>
 <anc anchName="基站2" x="5.00" z="3.00" Show="1" y="5.00" ID="2"/>
 <anc anchName="基站3" x="0.00" z="3.00" Show="1" y="5.00" ID="3"/>
 <anc anchName="基站4" x="0.00" z="0.00" Show="0" y="0.00" ID="4"/>
 <anc anchName="基站5" x="0.00" z="0.00" Show="0" y="0.00" ID="5"/>
 <anc anchName="基站6" x="0.00" z="0.00" Show="0" y="0.00" ID="6"/>
 <anc anchName="基站7" x="0.00" z="0.00" Show="0" y="0.00" ID="7"/>
 <anc anchName="基站8" x="0.00" z="0.00" Show="0" y="0.00" ID="8"/>
 <anc anchName="基站9" x="0.00" z="0.00" Show="0" y="0.00" ID="9"/>
 <anc anchName="基站10" x="0.00" z="0.00" Show="0" y="0.00" ID="10"/>
 <anc anchName="基站11" x="0.00" z="0.00" Show="0" y="0.00" ID="11"/>
 <anc anchName="基站12" x="0.00" z="0.00" Show="0" y="0.00" ID="12"/>
 <anc anchName="基站13" x="0.00" z="0.00" Show="0" y="0.00" ID="13"/>
 <anc anchName="基站14" x="0.00" z="0.00" Show="0" y="0.00" ID="14"/>
 <anc anchName="基站15" x="0.00" z="0.00" Show="0" y="0.00" ID="15"/>
</config>
