<config>
 <anc Show="1" anchName="基站0" z="3.00" x="0.00" y="0.00" ID="0"/>
 <anc Show="1" anchName="基站1" z="3.00" x="5.00" y="0.00" ID="1"/>
 <anc Show="1" anchName="基站2" z="3.00" x="5.00" y="5.00" ID="2"/>
 <anc Show="1" anchName="基站3" z="3.00" x="0.00" y="5.00" ID="3"/>
 <anc Show="0" anchName="基站4" z="0.00" x="0.00" y="0.00" ID="4"/>
 <anc Show="0" anchName="基站5" z="0.00" x="0.00" y="0.00" ID="5"/>
 <anc Show="0" anchName="基站6" z="0.00" x="0.00" y="0.00" ID="6"/>
 <anc Show="0" anchName="基站7" z="0.00" x="0.00" y="0.00" ID="7"/>
 <anc Show="0" anchName="基站8" z="0.00" x="0.00" y="0.00" ID="8"/>
 <anc Show="0" anchName="基站9" z="0.00" x="0.00" y="0.00" ID="9"/>
 <anc Show="0" anchName="基站10" z="0.00" x="0.00" y="0.00" ID="10"/>
 <anc Show="0" anchName="基站11" z="0.00" x="0.00" y="0.00" ID="11"/>
 <anc Show="0" anchName="基站12" z="0.00" x="0.00" y="0.00" ID="12"/>
 <anc Show="0" anchName="基站13" z="0.00" x="0.00" y="0.00" ID="13"/>
 <anc Show="0" anchName="基站14" z="0.00" x="0.00" y="0.00" ID="14"/>
 <anc Show="0" anchName="基站15" z="0.00" x="0.00" y="0.00" ID="15"/>
</config>
