<config>
 <third_connect Server_IP="127.0.0.1" Server_Port="8888" Auto="0"/>
 <anc_connect Server_IP="127.0.0.1" Server_Port="8080" Auto="0"/>
 <map Map_XScale="1.00" Map_YScale="1.00" Map_YTurn="0" Map_XOffset="0" Map_YOffset="0" Map_XTurn="0" Map_path=""/>
 <grid Grid_W="1.00" Grid_Show="1" Grid_H="1.00"/>
 <Coordinate Coord_Show="1" Coord_H="10.00" Coord_X="0.00" Coord_Y="0.00" Coord_W="20.00"/>
 <origin Origin_Show="1"/>
 <track TrackNum="200" TrackShow="1"/>
 <show Show_TagName="1" Show_AncName="1" Show_AncIcon="1" Show_AncDist="1"/>
 <arithmetic kalmanQx="0.00100000" kalmanQz="0.00100000" kalmanRy="0.01000000" Sigma="10" kalmanRz="0.25000000" SysnTag="0" Method="0" kalmanRx="0.01000000" kalmanAlpha="0.02000000" kalmanDt="0.02000000" ParaB="0.0000" KalmanEnable="0" Dimen="0" ParaA="1.0000" kalmanQy="0.00100000"/>
 <scatter TrackNum="100" Show_axisAnc="1" VerAngle="0" Y_min="0.00" Theme="1" Scale="120" Z_min="0.00" X_max="5.00" Y_max="5.00" Z_max="5.00" Dotsize="0.10" X_min="0.00" Enable="0" HorAngle="5" Show_shadow="0" Show_axisName="1"/>
</config>
