<config>
 <anc ID="0" anchName="基站0" y="0.00" Show="0" z="0.00" x="0.00"/>
 <anc ID="1" anchName="基站1" y="0.00" Show="0" z="0.00" x="0.00"/>
 <anc ID="2" anchName="基站2" y="0.00" Show="0" z="0.00" x="0.00"/>
 <anc ID="3" anchName="基站3" y="0.00" Show="0" z="0.00" x="0.00"/>
 <anc ID="4" anchName="基站4" y="0.00" Show="0" z="0.00" x="0.00"/>
 <anc ID="5" anchName="基站5" y="0.00" Show="0" z="0.00" x="0.00"/>
 <anc ID="6" anchName="基站6" y="0.00" Show="0" z="0.00" x="0.00"/>
 <anc ID="7" anchName="基站7" y="0.00" Show="0" z="0.00" x="0.00"/>
 <anc ID="8" anchName="基站8" y="0.00" Show="0" z="0.00" x="0.00"/>
 <anc ID="9" anchName="基站9" y="0.00" Show="0" z="0.00" x="0.00"/>
</config>
