<config>
 <anc anchName="基站0" x="0.00" z="0.00" Show="0" y="0.00" ID="0"/>
 <anc anchName="基站1" x="0.00" z="0.00" Show="0" y="0.00" ID="1"/>
 <anc anchName="基站2" x="0.00" z="0.00" Show="0" y="0.00" ID="2"/>
 <anc anchName="基站3" x="0.00" z="0.00" Show="0" y="0.00" ID="3"/>
 <anc anchName="基站4" x="0.00" z="0.00" Show="0" y="0.00" ID="4"/>
 <anc anchName="基站5" x="0.00" z="0.00" Show="0" y="0.00" ID="5"/>
 <anc anchName="基站6" x="0.00" z="0.00" Show="0" y="0.00" ID="6"/>
 <anc anchName="基站7" x="0.00" z="0.00" Show="0" y="0.00" ID="7"/>
 <anc anchName="基站8" x="0.00" z="0.00" Show="0" y="0.00" ID="8"/>
 <anc anchName="基站9" x="0.00" z="0.00" Show="0" y="0.00" ID="9"/>
</config>
