<config>
 <anc Show="0" anchName="基站0" z="0.00" x="0.00" y="0.00" ID="0"/>
 <anc Show="0" anchName="基站1" z="0.00" x="0.00" y="0.00" ID="1"/>
 <anc Show="0" anchName="基站2" z="0.00" x="0.00" y="0.00" ID="2"/>
 <anc Show="0" anchName="基站3" z="0.00" x="0.00" y="0.00" ID="3"/>
 <anc Show="0" anchName="基站4" z="0.00" x="0.00" y="0.00" ID="4"/>
 <anc Show="0" anchName="基站5" z="0.00" x="0.00" y="0.00" ID="5"/>
 <anc Show="0" anchName="基站6" z="0.00" x="0.00" y="0.00" ID="6"/>
 <anc Show="0" anchName="基站7" z="0.00" x="0.00" y="0.00" ID="7"/>
 <anc Show="0" anchName="基站8" z="0.00" x="0.00" y="0.00" ID="8"/>
 <anc Show="0" anchName="基站9" z="0.00" x="0.00" y="0.00" ID="9"/>
</config>
