<config>
 <third_connect Auto="0" Server_IP="127.0.0.1" Server_Port="8888"/>
 <anc_connect Auto="0" Server_IP="127.0.0.1" Server_Port="8080"/>
 <map Map_YOffset="0" Map_path="" Map_XOffset="0" Map_XTurn="0" Map_YTurn="0" Map_XScale="1.00" Map_YScale="1.00"/>
 <grid Grid_W="1.00" Grid_H="1.00" Grid_Show="1"/>
 <Coordinate Coord_H="10.00" Coord_Y="0.00" Coord_X="0.00" Coord_W="20.00" Coord_Show="1"/>
 <origin Origin_Show="1"/>
 <track TrackNum="10" TrackShow="1"/>
 <show Show_AncName="1" Show_AncIcon="1" Show_TagName="1" Show_AncDist="1"/>
 <arithmetic kalmanQx="0.00100000" kalmanRx="0.00100000" ParaA="1.0000" Method="1" Sigma="10" kalmanAlpha="0.02000000" kalmanDt="0.02000000" kalmanQz="0.00100000" kalmanRy="0.00100000" kalmanQy="0.00100000" KalmanEnable="1" kalmanRz="0.00100000" ParaB="0.0000" SysnTag="0" Dimen="0"/>
 <scatter VerAngle="0" Scale="120" Z_max="5.00" X_min="0.00" Y_min="0.00" HorAngle="5" Y_max="5.00" Z_min="0.00" Dotsize="0.10" X_max="5.00" TrackNum="100" Theme="1" Show_axisName="1" Show_axisAnc="1" Enable="0" Show_shadow="0"/>
</config>
