<config>
 <anc ID="0" anchName="基站0" y="0.00" Show="1" z="3.00" x="0.00"/>
 <anc ID="1" anchName="基站1" y="0.00" Show="1" z="3.00" x="5.00"/>
 <anc ID="2" anchName="基站2" y="5.00" Show="1" z="3.00" x="5.00"/>
 <anc ID="3" anchName="基站3" y="5.00" Show="1" z="3.00" x="0.00"/>
 <anc ID="4" anchName="基站4" y="0.00" Show="0" z="0.00" x="0.00"/>
 <anc ID="5" anchName="基站5" y="0.00" Show="0" z="0.00" x="0.00"/>
 <anc ID="6" anchName="基站6" y="0.00" Show="0" z="0.00" x="0.00"/>
 <anc ID="7" anchName="基站7" y="0.00" Show="0" z="0.00" x="0.00"/>
 <anc ID="8" anchName="基站8" y="0.00" Show="0" z="0.00" x="0.00"/>
 <anc ID="9" anchName="基站9" y="0.00" Show="0" z="0.00" x="0.00"/>
 <anc ID="10" anchName="基站10" y="0.00" Show="0" z="0.00" x="0.00"/>
 <anc ID="11" anchName="基站11" y="0.00" Show="0" z="0.00" x="0.00"/>
 <anc ID="12" anchName="基站12" y="0.00" Show="0" z="0.00" x="0.00"/>
 <anc ID="13" anchName="基站13" y="0.00" Show="0" z="0.00" x="0.00"/>
 <anc ID="14" anchName="基站14" y="0.00" Show="0" z="0.00" x="0.00"/>
 <anc ID="15" anchName="基站15" y="0.00" Show="0" z="0.00" x="0.00"/>
</config>
