<config>
 <third_connect Server_Port="8888" Auto="0" Server_IP="127.0.0.1"/>
 <anc_connect Server_Port="8080" Auto="0" Server_IP="127.0.0.1"/>
 <map Map_YScale="1.00" Map_path="" Map_XOffset="0" Map_XScale="1.00" Map_XTurn="0" Map_YOffset="0" Map_YTurn="0"/>
 <grid Grid_W="1.00" Grid_Show="1" Grid_H="1.00"/>
 <Coordinate Coord_W="20.00" Coord_X="0.00" Coord_Show="1" Coord_H="10.00" Coord_Y="0.00"/>
 <origin Origin_Show="1"/>
 <track TrackNum="200" TrackShow="1"/>
 <show Show_TagName="1" Show_AncIcon="1" Show_AncName="1" Show_AncDist="1"/>
 <arithmetic ParaA="1.0000" ParaB="0.0000" Dimen="0" kalmanQy="0.00100000" kalmanDt="0.02000000" kalmanAlpha="0.02000000" KalmanEnable="0" Method="0" Sigma="10" SysnTag="0" kalmanQx="0.00100000" kalmanQz="0.00100000" kalmanRx="0.01000000" kalmanRy="0.01000000" kalmanRz="0.25000000"/>
 <scatter Scale="120" Z_max="5.00" Show_axisName="1" X_max="5.00" Y_min="0.00" TrackNum="100" Theme="1" Z_min="0.00" Y_max="5.00" Enable="0" Dotsize="0.10" Show_shadow="0" VerAngle="0" X_min="0.00" Show_axisAnc="1" HorAngle="5"/>
</config>
